ticker,gap_date,gap_pct,open,prev_close,addv20,market_cap,fiscal_period,fiscal_year,eps_diluted,eps_positive,eps_growth_yoy,revenue,revenue_growth_yoy,net_income
PPG,2021-04-16,9.9,169.29,153.97,230799859,22802844448.0,Q1,2021,1.58,True,54.9,3881000000.0,14.9,385000000.0
EFX,2021-04-22,13.1,217.9,192.63,107774956,22163355231.0,Q1,2021,1.64,True,72.6,1213000000.0,26.6,202900000.0
SNAP,2021-04-23,8.7,62.01,57.05,1149113335,7701621074.0,Q1,2021,-0.19,False,9.5,769584000.0,66.4,-286882000.0
CROX,2021-04-27,11.6,94.7,84.84,81914724,3915708808.0,Q1,2021,1.47,True,818.8,460098000.0,63.6,98398000.0
IT,2021-05-04,18.0,232.97,197.41,122547149,11746882022.0,Q1,2021,1.84,True,121.7,1104038000.0,8.4,164100000.0
CZR,2021-05-05,9.3,104.38,95.53,262092764,5710799849.0,Q1,2021,-2.03,False,,1699000000.0,-7.1,-424000000.0
BILL,2021-05-07,16.9,152.28,130.33,151737536,3937635908.0,Q3,2021,,,,59738000.0,44.9,-26728000.0
DDOG,2021-05-07,11.2,79.34,71.36,251302020,44061567487.0,Q1,2021,-0.04,False,-300.0,198549000.0,51.3,-13068000.0
NET,2021-05-07,8.5,74.93,69.07,392333465,74778214310.0,Q1,2021,-0.13,False,,138055000.0,51.3,-39963000.0
ROKU,2021-05-07,13.3,321.99,284.18,1141802028,13511755945.0,Q1,2021,0.54,True,220.0,574183000.0,79.0,76296000.0
DDD,2021-05-11,14.1,20.28,17.77,70067884,353462035.0,Q1,2021,0.36,True,,146116000.0,7.7,45228000.0
CELH,2021-05-13,11.1,17.09,15.38,48894863,11453420008.0,Q1,2021,0.01,True,0.0,50034879.0,77.5,585424
SONO,2021-05-13,10.7,34.86,31.49,86037335,1589475440.0,Q4,2021,0.12,True,-20.0,332949000.0,-2.0,17221000.0
DASH,2021-05-14,8.2,125,115.49,331064928,70099036159.0,Q1,2021,-0.34,False,,1077000000.0,,-110000000.0
GEVO,2021-05-14,11.6,5.31,4.76,75222315,576694958.0,Q1,2021,,,,93000,-97.6,-10057000.0
DKS,2021-05-26,10.5,92.98,84.17,126131910,17288424977.0,Q1,2022,3.41,True,299.4,2918719000.0,118.9,361756000.0
DOCU,2021-06-04,7.8,209.94,194.75,480665767,9422832417.0,Q1,2022,-0.04,False,,469078000.0,57.9,-8354000.0
SFIX,2021-06-08,14.9,66.6,57.94,89309510,440843695.0,Q3,2021,-0.18,False,45.5,535589000.0,44.1,-18846000.0
RH,2021-06-10,12.2,686.03,611.33,288976015,2410493221.0,Q1,2022,4.19,True,2564.7,860792000.0,78.3,130656000.0
CROX,2021-07-22,11.3,133.56,119.98,113133176,3915708808.0,Q2,2021,4.93,True,494.0,640773000.0,93.3,318954000.0
SNAP,2021-07-23,17.7,74.14,62.97,990102097,7701621074.0,Q2,2021,-0.1,False,56.5,982108000.0,116.2,-151664000.0
CPRI,2021-07-30,8.9,54.5,50.05,80420120,2214027452.0,Q1,2022,1.41,True,216.5,1253000000.0,177.8,219000000.0
ON,2021-08-02,9.9,42.93,39.06,181931967,23069902032.0,Q2,2021,0.42,True,,1669900000.0,37.6,184100000.0
RL,2021-08-03,9.5,129.21,117.99,110704651,20021207871.0,Q1,2022,2.18,True,224.6,1376300000.0,182.3,164700000.0
NYT,2021-08-04,10.7,47.81,43.21,53441949,12787840107.0,Q2,2021,0.32,True,128.6,498497000.0,23.5,54317000.0
CVNA,2021-08-06,8.4,365.45,337,371124818,42842269530.0,Q2,2021,,,,3336000000.0,198.3,45000000.0
MGNI,2021-08-06,11.5,34.24,30.7,42166986,1715048656.0,Q2,2021,0.26,True,,114541000.0,,36808000.0
PLUG,2021-08-06,9.2,28.41,26,424629002,2997003527.0,Q2,2021,,,,124557000.0,83.2,-99634000.0
AMC,2021-08-10,9.2,369,338,3597822332,577206737.0,Q2,2021,-0.71,False,86.8,444700000.0,2252.9,-344000000.0
DDD,2021-08-10,14.8,32.55,28.35,85048392,353462035.0,Q2,2021,-0.08,False,,162557000.0,44.1,-9632000.0
FUBO,2021-08-11,15.1,32.96,28.64,147487189,419731107.0,Q2,2021,,,,130884000.0,,-94930000.0
CLOV,2021-08-12,17.1,9.52,8.13,174236409,1038841226.0,Q2,2021,-0.78,False,,412472000.0,,-317611000.0
OPEN,2021-08-12,17.2,16.44,14.03,105229380,4743711131.0,Q2,2021,-0.24,False,,1185386000.0,,-143805000.0
PLTR,2021-08-12,9.4,24.45,22.35,504403870,361023448575.0,Q2,2021,-0.07,False,,375642000.0,,-138580000.0
SONO,2021-08-12,12.0,38.98,34.8,50988829,1589475440.0,Q3,2021,0.12,True,123.1,378672000.0,51.9,17826000.0
DKS,2021-08-25,14.3,130.75,114.39,141625480,17288424977.0,Q2,2022,4.53,True,45.2,3274842000.0,20.7,495509000.0
SIG,2021-09-02,9.1,88,80.66,56448994,3344667977.0,Q2,2022,3.6,True,308.1,1788100000.0,101.4,224600000.0
MDB,2021-09-03,15.2,462.77,401.65,196317049,20968367627.0,Q2,2022,,,,198747000.0,43.7,-77133000.0
LULU,2021-09-09,13.9,433.73,380.85,320714398,18508540996.0,Q2,2022,1.59,True,140.9,1450618000.0,60.7,208074000.0
PLAY,2021-09-10,12.1,39.73,35.44,42386359,448762629.0,Q2,2022,1.07,True,186.3,377638000.0,642.9,52770000.0
FCEL,2021-09-14,10.3,186,168.6,90057427,351038822.0,Q3,2021,-0.04,False,42.9,26820000.0,43.2,-11997000.0
AN,2021-10-21,9.1,127.65,116.96,121548158,6368342407.0,Q3,2021,5.12,True,149.8,6379500000.0,18.0,361700000.0
CROX,2021-10-21,11.8,152,135.93,204313738,3915708808.0,Q3,2021,2.42,True,165.9,625919000.0,73.0,153489000.0
ENPH,2021-10-27,18.5,205.5,173.46,334894037,5777524953.0,Q3,2021,,,,351519000.0,96.9,21809000.0
F,2021-10-28,8.7,16.86,15.51,1097340078,46557175876.0,Q3,2021,0.45,True,-25.0,35683000000.0,-4.8,1822000000.0
KLAC,2021-10-28,7.6,366.44,340.57,310115980,185950523429.0,Q1,2022,6.96,True,158.7,2083838000.0,35.4,1068485000.0
SAIA,2021-10-28,8.4,296.8,273.89,43923742,8560916562.0,Q3,2021,2.98,True,91.0,616216000.0,28.0,79709000.0
RSG,2021-10-29,8.0,140.34,129.93,121796927,69258778672.0,Q3,2021,1.1,True,35.8,3461300000.0,34.6,350800000.0
ON,2021-11-01,11.8,53.75,48.07,211514705,23069902032.0,Q3,2021,0.7,True,84.2,1742100000.0,32.2,310400000.0
ANET,2021-11-02,19.8,30.6,25.54,164296101,167835768104.0,Q3,2021,2.81,True,32.5,748697000.0,23.7,224305000.0
IT,2021-11-02,10.5,362.82,328.4,138375938,11746882022.0,Q3,2021,1.76,True,826.3,1156282000.0,16.3,148865000.0
CPRI,2021-11-03,13.3,62.9,55.53,70729095,2214027452.0,Q2,2022,1.3,True,60.5,1300000000.0,17.1,200000000.0
SPT,2021-11-03,9.3,133.07,121.69,41470203,349023340.0,Q3,2021,,,,49091000.0,45.8,-6993000.0
BLDR,2021-11-04,11.1,66.97,60.26,98048049,9743200528.0,Q3,2021,2.98,True,308.2,5508590000.0,140.0,613145000.0
GDDY,2021-11-04,18.8,79.87,67.21,74219141,10831021383.0,Q3,2021,,,,964000000.0,14.2,97700000.0
RPD,2021-11-04,10.2,142,128.8,47252097,449391024.0,Q3,2021,-0.67,False,,139894000.0,33.1,-37700000.0
AMN,2021-11-05,10.0,123.67,112.42,60359188,730316450.0,Q3,2021,1.54,True,180.0,877800000.0,59.1,100606000.0
DDOG,2021-11-05,16.1,193.89,166.95,390086178,44061567487.0,Q3,2021,-0.02,False,,270488000.0,74.9,-5484000.0
EXPE,2021-11-05,13.8,179.28,157.55,287572943,27983288947.0,Q3,2021,2.26,True,244.9,2962000000.0,96.9,378000000.0
GT,2021-11-05,11.9,24.0,21.45,77526594,1940754965.0,Q3,2021,0.46,True,4700.0,4934000000.0,42.4,134000000.0
LYV,2021-11-05,10.3,118.63,107.52,155799852,36152451930.0,Q3,2021,0.19,True,107.8,2698722000.0,1366.6,86867000.0
NWSA,2021-11-05,10.2,25.86,23.47,55948628,13096407056.0,Q1,2022,0.33,True,450.0,2502000000.0,18.2,267000000.0
PCTY,2021-11-05,7.6,313,291,70315303,5893571338.0,Q1,2022,0.55,True,150.0,181697000.0,33.8,30932000.0
SHAK,2021-11-05,9.6,85.55,78.08,74726166,3499201196.0,Q3,2021,-0.06,False,60.0,193895000.0,48.7,-2402000.0
COTY,2021-11-08,8.6,10.09,9.29,64552162,1953614117.0,Q1,2022,0.13,True,-45.8,1371700000.0,22.0,228900000.0
TTD,2021-11-08,23.0,84.3,68.55,265915214,13013212465.0,Q3,2021,0.12,True,-85.7,301091000.0,39.3,59384000.0
FIVN,2021-11-09,9.9,159.62,145.25,225707530,1205571917.0,Q3,2021,-0.3,False,-76.5,154328000.0,37.6,-20537000.0
RBLX,2021-11-09,29.4,99.6,77,493084937,39985195172.0,Q3,2021,-0.13,False,,509336000.0,,-77190000.0
DASH,2021-11-10,16.4,223.58,192.01,404273757,70099036159.0,Q3,2021,-0.3,False,,1275000000.0,,-101000000.0
PFGC,2021-11-10,7.7,49.95,46.37,54266886,13852987263.0,Q1,2022,0.03,True,400.0,10386300000.0,47.4,4700000.0
RNG,2021-11-10,28.4,300,233.64,217293393,3176261732.0,Q3,2021,-1.6,False,,414629000.0,36.6,-146751000.0
MQ,2021-11-11,17.5,29.5,25.11,187877276,1696031211.0,Q3,2021,,,,131512000.0,,-45730000.0
OPEN,2021-11-11,20.6,22.79,18.89,330857388,4743711131.0,Q3,2021,-0.09,False,,2266354000.0,,-56819000.0
AXON,2021-11-16,24.8,208.84,167.41,62381299,39891718382.0,Q3,2021,0.67,True,,231989000.0,,48524000.0
LCID,2021-11-16,11.2,499.3,448.8,3276834819,3244074006.0,Q3,2021,-0.43,False,,232000,,-524403000.0
INTU,2021-11-19,13.8,715.87,628.94,741587077,121670938000.0,Q1,2022,0.82,True,9.3,2007000000.0,51.7,228000000.0
FIVE,2021-12-02,8.9,206.01,189.19,105961762,11602844401.0,Q3,2022,0.43,True,19.4,607645000.0,27.5,24177000.0
OKTA,2021-12-02,8.9,215.75,198.08,343184518,14002448697.0,Q3,2022,-1.44,False,,350680000.0,61.3,-221311000.0
MRVL,2021-12-03,20.9,85.89,71.03,488567024,76741299779.0,Q3,2022,-0.08,False,-166.7,1211245000.0,61.5,-62532000.0
PD,2021-12-08,9.3,36.62,33.49,40982321,648862004.0,Q3,2022,-0.31,False,,71760000.0,33.5,-26341000.0
RH,2021-12-09,8.3,625,576.96,259394608,2410493221.0,Q3,2022,5.88,True,258.5,1006428000.0,19.2,184099000.0
ORCL,2021-12-10,17.5,104.29,88.77,776259551,445800255010.0,Q2,2022,-0.46,False,-157.5,10360000000.0,5.7,-1247000000.0
ACN,2021-12-16,10.1,413.07,375.3,927563999,121025324017.0,Q1,2022,2.78,True,19.8,14965153000.0,27.2,1791024000.0
LW,2022-01-06,9.5,69.1,63.12,82309266,5631579296.0,Q2,2022,0.22,True,-66.7,1006600000.0,12.3,32500000.0
STX,2022-01-27,11.4,107.29,96.31,205745610,85960777025.0,Q2,2022,2.23,True,99.1,3116000000.0,18.8,501000000.0
WOLF,2022-01-27,9.1,98,89.79,170771601,752980923.0,Q2,2022,-0.82,False,,173100000.0,,-96700000.0
CPRI,2022-02-02,8.4,66.66,61.49,106817990,2214027452.0,Q3,2022,2.11,True,78.8,1609000000.0,23.6,323000000.0
EAT,2022-02-02,12.3,39,34.73,40180068,6272118239.0,Q2,2022,0.6,True,130.8,925800000.0,21.7,27600000.0
BILL,2022-02-04,18.7,202.14,170.28,507246628,3937635908.0,Q2,2022,,,,156478000.0,189.5,-80440000.0
TSN,2022-02-07,10.3,97.4,88.29,196523505,21237403229.0,Q1,2022,3.07,True,139.8,12933000000.0,23.6,1126000000.0
DOCS,2022-02-09,13.0,56.29,49.81,78514262,4501357306.0,Q3,2022,0.26,True,,97876000.0,,55647000.0
PFGC,2022-02-09,12.7,51.36,45.56,64738116,13852987263.0,Q2,2022,0.05,True,-61.5,12838800000.0,87.6,8400000.0
AI,2022-03-03,11.8,25.34,22.66,71341760,1254111734.0,Q3,2022,,,,69773000.0,42.1,-39447000.0
AAL,2022-04-21,9.1,21.25,19.48,669944846,6801137102.0,Q1,2022,-2.52,False,-27.9,8899000000.0,122.0,-1635000000.0
UAL,2022-04-21,8.4,50.44,46.52,545598846,28009074285.0,Q1,2022,-4.24,False,0.5,7566000000.0,134.9,-1377000000.0
KMB,2022-04-22,8.3,138.72,128.1,209723607,32807207150.0,Q1,2022,1.55,True,-9.9,5095000000.0,7.4,535000000.0
SHW,2022-04-26,8.4,268.78,248.02,362203366,79233414991.0,Q1,2022,1.41,True,-6.6,4998700000.0,7.4,370800000.0
ENPH,2022-04-27,10.2,169.5,153.83,465490304,5777524953.0,Q1,2022,,,,441292000.0,46.2,51821000.0
NOW,2022-04-28,8.9,101.6,93.26,808344273,118846520000.0,Q1,2022,0.37,True,-9.8,1722000000.0,26.6,75000000.0
PINS,2022-04-28,8.2,20.2,18.67,268966773,11650107909.0,Q1,2022,-0.01,False,66.7,574885000.0,18.5,-5281000.0
AVTR,2022-04-29,12.2,33.43,29.79,208846290,5408703541.0,Q1,2022,0.28,True,12.0,1950400000.0,9.2,190400000.0
CSL,2022-04-29,7.6,269,249.93,90451112,13957752535.0,Q1,2022,3.66,True,277.3,1496300000.0,45.4,193600000.0
FIVN,2022-04-29,10.5,113.9,103.04,114719686,1205571917.0,Q1,2022,-0.49,False,-172.2,182777000.0,32.6,-34120000.0
MHK,2022-04-29,20.2,157.24,130.78,74577184,6302759713.0,Q1,2022,3.78,True,12.5,3015663000.0,13.0,245434000.0
OLN,2022-04-29,7.7,57.38,53.26,107233697,2810238039.0,Q1,2022,2.48,True,64.2,2461400000.0,28.3,393000000.0
ATKR,2022-05-03,10.6,106.56,96.33,41676620,1894413432.0,Q2,2022,5.08,True,96.9,982573000.0,53.6,233477000.0
CAR,2022-05-03,7.6,302,280.56,270675219,3550898843.0,Q1,2022,9.71,True,499.6,2432000000.0,77.3,527000000.0
CC,2022-05-03,8.2,35.83,33.1,47217479,2636998862.0,Q1,2022,1.43,True,150.9,1764000000.0,22.8,234000000.0
AMD,2022-05-04,7.7,98.18,91.13,8179614064,315305152928.0,,,,,,,,
LITE,2022-05-04,10.6,90.88,82.14,66386057,44446500000.0,Q3,2022,0.35,True,-87.7,395400000.0,-5.7,26000000.0
ALB,2022-05-05,10.5,238,215.47,198883215,18645787148.0,Q1,2022,2.15,True,156.0,1127728000.0,36.0,281547000.0
AMR,2022-05-05,7.7,175.51,162.98,87577496,2403233804.0,Q1,2022,20.52,True,1246.4,1071964000.0,177.5,400891000.0
BKNG,2022-05-05,9.3,2300,2103.33,911140224,134334895456.0,,,,,,,,
NVST,2022-05-05,7.7,44.81,41.59,73372761,4032973520.0,Q1,2022,0.42,True,20.0,631400000.0,3.1,74900000.0
RUN,2022-05-05,8.0,26.29,24.34,165841661,2846737772.0,Q1,2022,-0.42,False,-250.0,495784000.0,48.1,-156469000.0
OPEN,2022-05-06,11.3,7.7,6.92,117105604,4743711131.0,Q1,2022,0.04,True,108.3,5151000000.0,589.3,28000000.0
NCLH,2022-05-10,8.5,17.3,15.95,337618076,8596146246.0,Q1,2022,-2.35,False,43.5,521940000.0,16736.8,-982714000.0
NXST,2022-05-10,7.6,163.99,152.4,50366518,7084923379.0,Q1,2022,5.99,True,35.5,1210100000.0,8.6,251400000.0
RNG,2022-05-10,8.6,74.55,68.66,121373208,3176261732.0,Q1,2022,-1.6,False,,467656000.0,32.7,-150972000.0
TREX,2022-05-10,10.8,61.72,55.68,78583093,3892862814.0,Q1,2022,0.62,True,47.6,339228000.0,38.2,71211000.0
CELH,2022-05-11,11.0,15.28,13.77,42026873,11453420008.0,Q1,2022,0.09,True,800.0,133388000.0,166.6,6679000.0
CPNG,2022-05-12,13.7,10.99,9.67,136681831,33730134208.0,Q1,2022,-0.12,False,82.4,5116686000.0,21.6,-209294000.0
RIVN,2022-05-12,7.7,22.19,20.6,610961510,18441108265.0,Q1,2022,-1.77,False,,95000000.0,,-1593000000.0
AFRM,2022-05-13,37.6,24.83,18.04,285490881,15616227319.0,Q3,2022,-0.19,False,82.1,354762000.0,53.8,-54671000.0
DUOL,2022-05-13,19.2,79.85,66.98,40010040,4619439131.0,Q1,2022,-0.31,False,76.2,81220000.0,46.7,-12154000.0
TOST,2022-05-13,14.0,16.29,14.29,95641768,16256400000.0,Q1,2022,-0.2,False,,535000000.0,,-23000000.0
PANW,2022-05-20,11.8,81.34,72.73,942056457,136284240000.0,Q3,2022,-0.74,False,,1386700000.0,29.1,-73200000.0
DG,2022-05-26,15.1,224.78,195.34,500392183,29020471953.0,Q1,2023,2.41,True,-14.5,8751352000.0,4.2,552657000.0
DLTR,2022-05-26,19.6,159.81,133.59,416411793,21368763475.0,Q1,2023,2.37,True,48.1,6902600000.0,6.5,536400000.0
ULTA,2022-05-27,10.5,417.5,377.96,339969689,23765702784.0,Q1,2023,6.3,True,53.7,2345901000.0,21.0,331395000.0
CRM,2022-06-01,11.1,178.01,160.24,1321797343,177982090000.0,Q1,2023,0.03,True,-94.0,7411000000.0,24.3,28000000.0
CHWY,2022-06-02,15.3,27.09,23.49,143337615,10570013145.0,Q1,2023,0.04,True,-55.6,2428327000.0,13.7,18472000.0
OKTA,2022-06-03,14.2,107.02,93.68,313749251,14002448697.0,Q1,2023,-1.56,False,-88.0,414943000.0,65.3,-242713000.0
GTLB,2022-06-07,10.8,44.13,39.84,69228258,3858842920.0,Q1,2023,-0.18,False,,87407000.0,,-26613000.0
CMG,2022-07-27,8.9,28.68,26.33,301457456,42354795960.0,Q2,2022,9.25,True,40.2,2213339000.0,17.0,259942000.0
ENPH,2022-07-27,8.9,235.28,216.1,601252997,5777524953.0,Q2,2022,,,,530196000.0,67.8,76976000.0
ROK,2022-07-27,13.4,248.89,219.43,169383583,40553339734.0,Q3,2022,2.55,True,9.9,1968700000.0,6.5,294800000.0
HTZ,2022-07-28,8.2,18.85,17.42,72176236,1215083037.0,Q2,2022,1.13,True,,2344000000.0,,940000000.0
WING,2022-07-28,12.4,112.04,99.68,79440595,5591460921.0,Q2,2022,0.44,True,15.8,83777000.0,13.2,13307000.0
AMZN,2022-07-29,10.3,134.9,122.28,7413827817,2229321017073.0,Q2,2022,-0.2,False,-101.3,121234000000.0,7.2,-2028000000.0
FIVN,2022-07-29,9.1,107.37,98.38,75395882,1205571917.0,Q2,2022,-0.34,False,-36.0,189382000.0,31.7,-23670000.0
AME,2022-08-02,7.8,131.93,122.38,107151554,49113320057.0,Q2,2022,1.22,True,22.0,1514552000.0,9.2,282373000.0
PINS,2022-08-02,18.2,23.62,19.99,334750429,11650107909.0,Q2,2022,-0.07,False,-170.0,665930000.0,8.6,-43076000.0
PYPL,2022-08-03,12.8,101.14,89.63,1080721421,41337837936.0,Q2,2022,-0.29,False,-129.0,6806000000.0,9.1,-341000000.0
UNM,2022-08-03,11.5,34.97,31.36,51387634,11816475507.0,Q2,2022,1.83,True,105.6,3040900000.0,1.6,370400000.0
MELI,2022-08-04,11.6,994.5,890.87,430802088,84664293940.0,Q2,2022,2.43,True,77.4,2597000000.0,52.5,123000000.0
DKNG,2022-08-05,8.8,17.8,16.36,239169558,12753687130.0,Q2,2022,-0.5,False,34.2,466185000.0,56.6,-217103000.0
NET,2022-08-05,17.4,68.58,58.43,246056031,74778214310.0,Q2,2022,-0.2,False,-66.7,234517000.0,53.9,-63537000.0
ARRY,2022-08-10,14.8,21,18.29,64750898,1059243515.0,Q2,2022,-0.11,False,-175.0,419865000.0,113.7,-5024000.0
TTD,2022-08-10,25.0,68.14,54.5,318373239,13013212465.0,Q2,2022,-0.04,False,-140.0,376962000.0,34.6,-19073000.0
DIS,2022-08-11,8.7,122.21,112.43,1125034936,175894206006.0,Q3,2022,0.77,True,54.0,21504000000.0,26.3,1502000000.0
TOST,2022-08-12,19.6,21.71,18.15,77621662,16256400000.0,Q2,2022,-0.11,False,,675000000.0,,-54000000.0
WDAY,2022-08-26,8.4,176,162.36,408929142,35002670000.0,Q2,2023,-0.25,False,-161.0,1535798000.0,21.9,-64158000.0
LULU,2022-09-02,10.8,326.4,294.45,337008730,18508540996.0,Q2,2023,2.26,True,42.1,1868328000.0,28.8,289521000.0
ASO,2022-09-07,8.3,45.42,41.93,63292837,3756824442.0,Q2,2023,2.22,True,11.6,1686915000.0,-5.8,188801000.0
ASAN,2022-09-08,18.4,22.55,19.04,64738724,1662071007.0,Q2,2023,-0.59,False,-47.5,134896000.0,50.8,-112969000.0
DOCU,2022-09-09,13.6,65.81,57.95,226556882,9422832417.0,Q2,2023,-0.22,False,-69.2,622184000.0,21.6,-45078000.0
ENPH,2022-10-26,9.5,290.92,265.59,1046171569,5777524953.0,Q3,2022,,,,634713000.0,80.6,114812000.0
WING,2022-10-26,14.9,155,134.85,107638019,5591460921.0,Q3,2022,0.45,True,18.4,92672000.0,40.9,13368000.0
ALLE,2022-10-27,8.0,105.07,97.33,70073139,12521246099.0,Q3,2022,1.3,True,-18.2,913700000.0,27.4,114600000.0
NOW,2022-10-27,16.5,85.39,73.28,757934933,118846520000.0,Q3,2022,0.39,True,25.8,1831000000.0,21.1,80000000.0
PINS,2022-10-28,11.6,24.43,21.89,322325638,11650107909.0,Q3,2022,-0.1,False,-171.4,684550000.0,8.2,-65181000.0
LSCC,2022-11-01,8.1,52.43,48.51,65628269,11732152631.0,Q3,2022,0.33,True,266.7,172509000.0,67.4,46359000.0
SCI,2022-11-02,8.5,66.34,61.15,66532192,11069673604.0,Q3,2022,0.76,True,-38.2,977720000.0,-5.5,120905000.0
BALL,2022-11-03,9.4,52.36,47.85,104187446,16547339513.0,Q3,2022,1.24,True,,3951000000.0,,394000000.0
BTU,2022-11-03,9.4,25.41,23.22,123435989,4217346321.0,Q3,2022,2.33,True,713.2,1342500000.0,97.7,383600000.0
CFLT,2022-11-03,7.6,24.11,22.4,56855501,11018764772.0,Q3,2022,-0.41,False,,151732000.0,47.9,-116049000.0
HUBS,2022-11-03,8.7,286.37,263.58,189644412,13939323665.0,Q3,2022,-0.65,False,,443958000.0,30.9,-31411000.0
BE,2022-11-04,12.2,19.33,17.23,50936063,43347504700.0,Q3,2022,-0.31,False,-3.3,292274000.0,41.0,-60392000.0
COIN,2022-11-04,8.2,60.4,55.8,756876687,51634617795.0,Q3,2022,-2.43,False,-250.0,590339000.0,-55.0,-544635000.0
COLD,2022-11-04,7.6,25.82,23.99,45512999,3170710816.0,Q3,2022,-0.03,False,-250.0,757780000.0,6.9,-8937000.0
DASH,2022-11-04,13.9,54.22,47.61,288012264,70099036159.0,Q3,2022,-0.77,False,-156.7,1701000000.0,33.4,-296000000.0
EXAS,2022-11-04,13.4,36.69,32.34,76106090,19770292013.0,Q3,2022,-0.84,False,13.4,523073000.0,14.6,-148761000.0
MCHP,2022-11-04,11.7,66.44,59.46,338160417,33517930269.0,Q2,2023,0.98,True,127.9,2073200000.0,25.7,546200000.0
MELI,2022-11-04,8.8,947.1,870.88,578501378,84664293940.0,Q3,2022,2.56,True,33.3,2690000000.0,44.8,129000000.0
MP,2022-11-04,9.3,31.75,29.06,49174197,10164354814.0,Q3,2022,0.33,True,43.5,124445000.0,24.8,63177000.0
MTZ,2022-11-04,9.4,80.88,73.96,58663952,22879500700.0,Q3,2022,0.65,True,-56.7,2513484000.0,4.5,49222000.0
SEDG,2022-11-08,13.8,240.56,211.3,252622536,2260113935.0,Q3,2022,0.43,True,-55.2,836723000.0,59.0,24743000.0
ARRY,2022-11-09,20.7,20.5,16.98,49585637,1059243515.0,Q3,2022,0.19,True,176.0,515024000.0,173.0,40644000.0
AXON,2022-11-09,8.0,162,150,72594761,39891718382.0,Q3,2022,0.17,True,-74.6,311754000.0,34.4,12131000.0
COHR,2022-11-09,16.7,34.96,29.95,44456518,45513094392.0,,,,,,,,
APP,2022-11-10,13.9,15.65,13.74,42039197,154699300260.0,Q3,2022,0.06,True,,713099000.0,-1.9,23662000.0
CELH,2022-11-10,17.0,30.67,26.22,80035082,11453420008.0,Q3,2022,-2.46,False,-8300.0,188233000.0,98.3,-181896000.0
CPNG,2022-11-10,16.6,19,16.29,109647496,33730134208.0,Q3,2022,0.05,True,126.3,5101334000.0,9.8,90679000.0
MQ,2022-11-10,18.3,7.38,6.24,42970483,1696031211.0,Q3,2022,,,,191621000.0,45.7,-53168000.0
NTRA,2022-11-10,8.0,40.04,37.07,49017560,26624215312.0,Q3,2022,-1.25,False,,210637000.0,33.2,-121480000.0
RIVN,2022-11-10,17.1,32.88,28.07,421434316,18441108265.0,Q3,2022,-1.88,False,,536000000.0,,-1724000000.0
RNG,2022-11-10,18.6,33.64,28.36,66916883,3176261732.0,Q3,2022,-2.98,False,-86.2,509032000.0,22.8,-284616000.0
U,2022-11-10,13.9,24.5,21.5,275183831,8412949282.0,Q3,2022,-0.84,False,-104.9,322881000.0,12.8,-250021000.0
UPST,2022-11-10,8.6,18.52,17.06,148749701,2500720006.0,Q3,2022,-0.69,False,-330.0,157233000.0,-31.2,-56223000.0
DOCS,2022-11-11,17.0,30.82,26.33,54304942,4501357306.0,Q2,2023,0.12,True,-29.4,102185000.0,28.8,26299000.0
PANW,2022-11-18,9.4,85.64,78.28,801495227,136284240000.0,Q1,2023,0.06,True,,1563400000.0,25.3,20000000.0
BURL,2022-11-22,13.2,178.5,157.64,234948051,18670442680.0,Q3,2023,0.26,True,30.0,2040687000.0,-11.4,16783000.0
WDAY,2022-11-30,10.2,157.89,143.3,344907132,35002670000.0,Q3,2023,-0.29,False,-270.6,1599103000.0,20.5,-74721000.0
FIVE,2022-12-01,9.3,175.8,160.86,130132859,11602844401.0,Q3,2023,0.29,True,-32.6,645034000.0,6.2,16146000.0
OKTA,2022-12-01,16.2,61.95,53.32,239227445,14002448697.0,Q3,2023,-1.32,False,8.3,481042000.0,37.2,-208897000.0
GTLB,2022-12-06,14.4,43.85,38.33,74303552,3858842920.0,Q3,2023,-0.33,False,46.8,112981000.0,69.1,-50465000.0
SIG,2022-12-06,10.7,64,57.83,43986593,3344667977.0,Q3,2023,0.6,True,-58.6,1582700000.0,2.9,37500000.0
DOCU,2022-12-09,8.6,47.53,43.75,217887211,9422832417.0,Q3,2023,-0.15,False,-400.0,645463000.0,18.3,-29866000.0
LW,2023-01-05,8.4,94.87,87.48,118568086,5631579296.0,Q2,2023,0.71,True,222.7,1276500000.0,26.8,103100000.0
STX,2023-01-26,10.5,68.79,62.25,145262394,85960777025.0,Q2,2023,-0.16,False,-107.2,1887000000.0,-39.4,-33000000.0
DT,2023-02-01,12.4,43.21,38.43,70924596,11449860266.0,Q3,2023,0.05,True,0.0,297456000.0,23.5,15026000.0
ELF,2023-02-02,18.4,69.26,58.51,52847729,4335024865.0,Q3,2023,0.34,True,183.3,146537000.0,49.3,19105000.0
CLX,2023-02-03,8.5,153,141,173302498,13382524997.0,Q2,2023,0.8,True,42.9,1715000000.0,1.4,102000000.0
PANW,2023-02-22,9.3,91.19,83.44,705096687,136284240000.0,Q2,2023,0.25,True,,1655100000.0,25.7,84200000.0
AI,2023-03-03,18.7,25.29,21.31,752471957,1254111734.0,Q3,2023,-0.57,False,,66669000.0,-4.4,-63162000.0
ESTC,2023-03-03,8.3,63.27,58.41,64881427,5329266902.0,Q3,2023,-0.76,False,,274566000.0,22.6,-72574000.0
FDX,2023-03-17,10.8,226.05,204.05,384339095,82687991931.0,Q3,2023,3.05,True,-27.4,22169000000.0,-6.2,771000000.0
MSFT,2023-04-26,7.7,296.7,275.42,7239613482,2937207581012.0,Q3,2023,2.45,True,10.4,52857000000.0,7.1,18299000000.0
META,2023-04-27,14.6,239.89,209.4,4292918573,1552413483811.0,Q1,2023,2.2,True,,28645000000.0,,5709000000.0
SFM,2023-05-02,11.8,39.14,35.02,53409254,7760938810.0,Q1,2023,0.73,True,4.3,1733310000.0,10.0,76160000.0
BALL,2023-05-04,9.0,56.96,52.26,77591617,16547339513.0,Q1,2023,0.56,True,,3489000000.0,,180000000.0
CFLT,2023-05-04,8.8,21.71,19.96,71213396,11018764772.0,Q1,2023,-0.52,False,-23.8,174302000.0,38.2,-152555000.0
HUBS,2023-05-04,8.1,451.63,417.99,228586466,13939323665.0,Q1,2023,-0.78,False,-290.0,501620000.0,26.8,-38282000.0
MLM,2023-05-04,8.5,399.95,368.55,106873126,35207156852.0,Q1,2023,1.95,True,473.5,1354100000.0,10.0,121600000.0
COIN,2023-05-05,9.8,54.05,49.22,905438767,51634617795.0,Q1,2023,-0.34,False,82.8,772529000.0,-33.8,-78896000.0
CVNA,2023-05-05,39.3,10.03,7.2,78466070,42842269530.0,Q1,2023,-1.4999999999999998,False,,2606000000.0,-25.5,-286000000.0
DKNG,2023-05-05,14.2,24.33,21.31,242435657,12753687130.0,Q1,2023,-0.87,False,,769652000.0,,-397148000.0
FIVN,2023-05-05,11.9,63.2,56.5,71288752,1205571917.0,Q1,2023,-0.38,False,22.4,218439000.0,19.5,-27248000.0
LYV,2023-05-05,10.6,74.19,67.07,93929103,36152451930.0,Q1,2023,-0.25,False,35.9,3127390000.0,73.5,44192000.0
DVA,2023-05-09,8.9,97.16,89.21,46626094,10075481280.0,Q1,2023,1.25,True,-22.4,2872699000.0,2.0,170668000.0
PLTR,2023-05-09,19.1,9.22,7.74,245010653,361023448575.0,Q1,2023,0.01,True,120.0,525186000.0,17.7,19151000.0
SHLS,2023-05-09,21.2,23.9,19.72,59964914,1026470486.0,Q4,2023,0.1,True,-86.1,105086000.0,11.0,16983000.0
TREX,2023-05-09,8.3,61,56.3,49832114,3892862814.0,Q1,2023,0.38,True,-38.7,238718000.0,-29.6,41131000.0
CELH,2023-05-10,10.6,39.5,35.71,88367093,11453420008.0,Q1,2023,0.4,True,344.4,259939000.0,94.9,41227000.0
DAR,2023-05-10,11.8,65.21,58.34,71142580,8691474430.0,Q1,2023,1.14,True,0.0,1791172000.0,31.1,189855000.0
EXAS,2023-05-10,12.3,79.74,71,104698410,19770292013.0,Q1,2023,-0.42,False,59.6,602450000.0,23.8,-74151000.0
FCNCA,2023-05-10,11.1,1215.66,1093.86,181274852,21105404655.0,Q1,2023,0.39,True,-97.7,233403000.0,-67.1,70698000.0
RIVN,2023-05-10,8.8,15.09,13.86,277911425,18441108265.0,Q1,2023,-1.45,False,18.1,661000000.0,595.8,-1349000000.0
RNG,2023-05-10,10.6,29.31,26.5,47892356,3176261732.0,Q1,2023,-0.57,False,64.4,533689000.0,14.1,-54399000.0
UPST,2023-05-10,39.4,19.64,14.09,59176606,2500720006.0,Q1,2023,-1.58,False,-564.7,102927000.0,-66.8,-129254000.0
APP,2023-05-11,22.1,21.75,17.81,42170826,154699300260.0,Q1,2023,-0.01,False,96.8,715405000.0,14.4,-4518000.0
ENTG,2023-05-11,14.8,89.69,78.11,114095970,16447732000.0,Q1,2023,-0.59,False,-164.1,922396000.0,42.0,-88166000.0
WDAY,2023-05-26,9.3,214.78,196.41,361814146,35002670000.0,Q1,2024,0,False,100.0,1684312000.0,17.4,136000
CHWY,2023-06-01,20.1,35.42,29.49,116513526,10570013145.0,Q1,2024,0.05,True,25.0,2784675000.0,14.7,22181000.0
FIVE,2023-06-02,8.2,183.17,169.35,155092501,11602844401.0,Q1,2024,0.67,True,13.6,726247000.0,13.5,37478000.0
LULU,2023-06-02,15.2,378.23,328.35,592190498,18508540996.0,Q1,2024,2.28,True,54.1,2000792000.0,24.0,290405000.0
GTLB,2023-06-06,28.4,45.44,35.4,83067059,3858842920.0,Q1,2024,-0.35,False,-94.4,126878000.0,45.2,-52899000.0
PLAY,2023-06-07,11.4,37.58,33.74,41030879,448762629.0,Q4,2023,1.45,True,173.6,597300000.0,74.1,70100000.0
DOCU,2023-06-09,10.0,64.31,58.48,181333827,9422832417.0,Q1,2024,0,False,100.0,661388000.0,12.3,539000
HELE,2023-07-10,16.2,130.79,112.54,44555092,379997536.0,Q1,2024,0.94,True,-7.8,474672000.0,-6.6,22581000.0
CVNA,2023-07-19,35.6,53.99,39.8,897747123,42842269530.0,Q2,2023,-0.55,False,,2968000000.0,-23.6,-105000000.0
UNP,2023-07-26,9.9,236.83,215.55,486404253,143861825562.0,Q2,2023,2.57,True,-12.3,5963000000.0,-4.9,1569000000.0
META,2023-07-27,8.9,325.12,298.57,8203811437,1552413483811.0,Q2,2023,2.98,True,21.1,31999000000.0,11.0,7788000000.0
FSLR,2023-07-28,12.5,223.59,198.8,302875356,21040466594.0,Q2,2023,1.59,True,205.8,810673000.0,30.6,170579000.0
SAM,2023-07-28,11.3,349.11,313.52,45435307,2418337664.0,Q2,2023,4.72,True,9.5,603304000.0,-2.1,58035000.0
TROW,2023-07-28,8.0,126.44,117.11,142414996,19319078300.0,Q2,2023,2.06,True,41.1,1610200000.0,6.4,481200000.0
ANET,2023-08-01,14.4,44.38,38.77,444893699,167835768104.0,Q2,2023,1.55,True,64.9,1458924000.0,38.7,491885000.0
FSLY,2023-08-03,11.6,18.35,16.45,41616855,3731244000.0,Q2,2023,-0.08,False,42.9,122831000.0,19.8,-10704000.0
RUN,2023-08-03,12.4,20.05,17.84,190468458,2846737772.0,Q2,2023,0.25,True,516.7,590193000.0,1.0,-340724000.0
AMZN,2023-08-04,9.4,141.06,128.91,7435977188,2229321017073.0,Q2,2023,0.65,True,425.0,134383000000.0,10.8,6750000000.0
BKNG,2023-08-04,11.1,3155,2839.91,909533225,134334895456.0,,,,,,,,
BWXT,2023-08-04,8.1,74.19,68.62,40975267,17752234933.0,Q2,2023,0.64,True,-22.0,612445000.0,10.5,58665000.0
DKNG,2023-08-04,12.0,33.59,29.99,311383216,12753687130.0,Q2,2023,-0.17,False,66.0,874927000.0,87.7,-77270000.0
FLR,2023-08-04,18.3,36.78,31.1,41965224,6305212232.0,Q2,2023,0.35,True,,3939000000.0,19.4,68000000.0
NET,2023-08-04,10.4,71.83,65.04,271515715,74778214310.0,Q2,2023,-0.28,False,-40.0,308494000.0,31.5,-94467000.0
ARRY,2023-08-09,20.8,21.6,17.88,80226761,1059243515.0,Q2,2023,0.34,True,409.1,507725000.0,20.9,64808000.0
AXON,2023-08-09,12.7,198.12,175.73,121850933,39891718382.0,Q2,2023,0.16,True,-77.5,374605000.0,31.2,12420000.0
AZTA,2023-08-09,15.9,55.62,48,41679804,986637951.0,Q3,2023,-0.02,False,84.6,165948000.0,25.0,-1470000.0
CELH,2023-08-09,19.6,57.17,47.79,163635354,11453420008.0,Q2,2023,0.52,True,333.3,325883000.0,111.6,51509000.0
CPNG,2023-08-09,9.2,19.55,17.89,122737969,33730134208.0,Q2,2023,0.08,True,300.0,5837889000.0,15.9,145192000.0
RKLB,2023-08-09,10.5,7.36,6.66,41052068,38818943166.0,Q2,2023,-0.1,False,-25.0,62045000.0,11.8,-45889000.0
RPD,2023-08-09,15.6,45.99,39.79,52421423,449391024.0,Q2,2023,-1.1,False,-61.8,190422000.0,13.7,-66782000.0
TOST,2023-08-09,14.0,23.05,20.22,209543270,16256400000.0,Q2,2023,-0.19,False,-72.7,978000000.0,44.9,-98000000.0
TWLO,2023-08-09,9.8,64.12,58.4,318918492,18863492876.0,Q2,2023,-0.91,False,48.6,1037761000.0,10.0,-166187000.0
APP,2023-08-10,30.3,38.32,29.41,58667394,154699300260.0,Q2,2023,0.22,True,466.7,750165000.0,-3.4,80357000.0
YETI,2023-08-10,15.0,45.49,39.56,46501449,2745037344.0,Q2,2023,0.44,True,,402563000.0,,38071000.0
RPM,2023-10-04,8.0,100.19,92.8,51639723,12776830136.0,Q1,2024,1.56,True,19.1,2011857000.0,4.1,201313000.0
LW,2023-10-05,12.3,101.58,90.49,168897498,5631579296.0,Q1,2024,1.6,True,0.0,1665300000.0,47.9,234800000.0
EME,2023-10-26,7.9,206.74,191.6,51713570,31614113929.0,Q3,2023,3.57,True,65.3,3207598000.0,13.5,169746000.0
FIX,2023-10-27,8.7,166.98,153.58,44371994,48025789444.0,Q3,2023,2.93,True,71.3,1378124000.0,23.0,105125000.0
ANET,2023-10-31,10.6,48.58,43.93,394747268,167835768104.0,Q3,2023,1.72,True,52.2,1509456000.0,28.3,545327000.0
PINS,2023-10-31,17.3,29.44,25.1,252232770,11650107909.0,Q3,2023,0.01,True,110.0,763203000.0,11.5,6733000.0
CAR,2023-11-02,8.8,178.5,164,81995354,3550898843.0,Q3,2023,16.78,True,-22.6,3564000000.0,0.5,627000000.0
CLX,2023-11-02,10.5,127.5,115.38,247690604,13382524997.0,Q1,2024,0.17,True,-75.0,1386000000.0,-20.3,25000000.0
DASH,2023-11-02,12.1,85.09,75.9,262112375,70099036159.0,Q3,2023,-0.19,False,75.3,2164000000.0,27.2,-75000000.0
DT,2023-11-02,8.1,48.01,44.4,80620451,11449860266.0,Q2,2024,0.12,True,200.0,351700000.0,25.9,35809000.0
JLL,2023-11-02,8.3,141.23,130.39,53663195,14022177055.0,Q3,2023,1.23,True,-57.3,5111400000.0,-1.3,59300000.0
EXPE,2023-11-03,13.9,108,94.84,190649157,27983288947.0,Q3,2023,2.87,True,-3.7,3929000000.0,8.6,305000000.0
IT,2023-11-03,8.0,364.58,337.59,180009162,11746882022.0,Q3,2023,2.26,True,4.1,1408784000.0,5.8,180009000.0
DVA,2023-11-08,8.6,87,80.09,141857092,10075481280.0,Q3,2023,2.62,True,131.9,3121332000.0,5.9,309361000.0
RBLX,2023-11-08,14.7,40.23,35.07,284356790,39985195172.0,Q3,2023,-0.45,False,10.0,713225000.0,37.8,-278808000.0
AFRM,2023-11-09,14.8,24.97,21.76,258962303,15616227319.0,Q1,2024,-0.57,False,33.7,496547000.0,37.3,-171783000.0
APP,2023-11-09,12.4,45.1,40.12,92589309,154699300260.0,Q3,2023,0.3,True,400.0,864256000.0,21.2,108639000.0
BE,2023-11-09,15.1,11.54,10.03,67583941,43347504700.0,Q3,2023,-0.8,False,-158.1,400268000.0,36.9,-168078000.0
DUOL,2023-11-09,10.6,185,167.27,107499535,4619439131.0,Q3,2023,0.06,True,113.0,137624000.0,43.3,2807000.0
MARA,2023-11-09,13.1,9.67,8.55,333499922,3543786798.0,Q3,2023,0.35,True,,97849000.0,671.0,64137000.0
NTRA,2023-11-09,14.9,47.5,41.34,49528205,26624215312.0,Q3,2023,-0.95,False,24.0,268306000.0,27.4,-109030000.0
RIOT,2023-11-09,8.0,11.1,10.28,241801607,5322926920.0,Q3,2023,-0.25,False,-19.0,51891000.0,12.1,-45325000.0
CRM,2023-11-30,8.1,249.05,230.35,995530224,177982090000.0,Q3,2024,1.25,True,495.2,8720000000.0,11.3,1224000000.0
ULTA,2023-12-01,11.6,475.2,425.99,294321835,23765702784.0,Q3,2024,5.07,True,-5.1,2488933000.0,6.4,249483000.0
GTLB,2023-12-05,12.8,59.68,52.93,88750660,3858842920.0,Q3,2024,-1.84,False,-457.6,149668000.0,32.5,-286355000.0
S,2023-12-06,14.4,22.88,20,91991731,4934897793.0,Q3,2024,-0.24,False,31.4,164165000.0,42.4,-70304000.0
MU,2023-12-21,8.0,85,78.69,1081121752,479613261390.0,Q1,2024,-1.12,False,-522.2,4726000000.0,15.7,-1234000000.0
WDFC,2024-01-10,8.6,256.9,236.61,41543073,3033878498.0,Q1,2024,1.28,True,25.5,140416000.0,12.4,17482000.0
BAH,2024-01-26,8.6,139.91,128.88,75968019,9438922827.0,Q3,2024,1.11,True,382.6,2569801000.0,12.9,145644000.0
ASH,2024-01-31,11.1,89.74,80.77,43850531,2286746678.0,Q1,2024,0.51,True,-30.1,473000000.0,-9.9,26000000.0
EL,2024-02-05,18.9,159.46,134.12,396591262,31788572539.0,Q2,2024,0.87,True,-20.2,4279000000.0,-7.4,324000000.0
COHR,2024-02-06,18.3,58.48,49.42,103394147,45513094392.0,,,,,,,,
DIS,2024-02-08,8.0,107.08,99.14,1238528329,175894206006.0,Q1,2024,1.04,True,48.6,23549000000.0,0.2,2151000000.0
NWSA,2024-02-08,10.8,26.88,24.27,65109373,13096407056.0,Q2,2024,0.27,True,125.0,2586000000.0,2.6,183000000.0
RL,2024-02-08,11.2,163.57,147.14,108417885,20021207871.0,Q3,2024,4.19,True,30.9,1934000000.0,5.6,276600000.0
CLSK,2024-02-09,24.0,13.02,10.5,192593571,2496148431.0,Q1,2024,,,,73786000.0,165.2,25359000.0
AI,2024-02-29,18.4,35.16,29.69,233943966,1254111734.0,Q3,2024,-0.6,False,-5.3,78401000.0,17.6,-72631000.0
HRL,2024-02-29,12.8,34.76,30.83,107762799,12458434446.0,Q1,2024,0.4,True,0.0,2996911000.0,0.9,218729000.0
NTAP,2024-03-01,18.8,105.88,89.12,135624484,19468617264.0,Q3,2024,1.48,True,393.3,1606000000.0,5.2,313000000.0
MU,2024-03-21,17.8,113.36,96.25,1899512568,479613261390.0,Q2,2024,0.71,True,133.5,5824000000.0,57.7,793000000.0
FDX,2024-03-22,8.0,286,264.85,452969035,82687991931.0,Q3,2024,3.51,True,15.1,21738000000.0,-1.9,879000000.0
LEVI,2024-04-04,15.3,21.51,18.66,42928835,6993269110.0,Q1,2024,-0.03,False,-110.3,1557600000.0,-7.8,-10600000.0
GPC,2024-04-18,8.2,155.88,144.07,128360616,14710771700.0,Q1,2024,1.78,True,-16.8,5783631000.0,0.3,248894000.0
DHR,2024-04-23,7.9,254.72,236.08,627054996,132461344166.0,Q1,2024,1.45,True,-25.3,5796000000.0,-2.6,1088000000.0
KMB,2024-04-23,7.8,138.96,128.93,293874178,32807207150.0,Q1,2024,1.91,True,14.4,5149000000.0,-0.9,658000000.0
TSLA,2024-04-24,12.6,162.84,144.68,16191335812,1467951392141.0,Q1,2024,0.34,True,-53.4,21301000000.0,-8.7,1144000000.0
TXN,2024-04-24,7.7,178.23,165.47,845841260,173698203064.0,Q1,2024,1.2,True,-35.1,3661000000.0,-16.4,1105000000.0
WAB,2024-04-24,9.3,162.25,148.48,137994650,40371649904.0,Q1,2024,1.53,True,64.5,2497000000.0,13.8,277000000.0
APPF,2024-04-26,12.6,243.9,216.65,94288680,6208262580.0,Q1,2024,1.05,True,206.1,187430000.0,37.7,38663000.0
GOOG,2024-04-26,11.4,175.99,157.95,3039189143,3646761620000.0,Q1,2024,1.89,True,61.5,80539000000.0,15.4,23662000000.0
GOOGL,2024-04-26,11.8,174.37,156,4191556412,3656681160000.0,Q1,2024,1.89,True,61.5,80539000000.0,15.4,23662000000.0
SNAP,2024-04-26,27.0,14.48,11.4,292970309,7701621074.0,Q1,2024,-0.19,False,9.5,1194773000.0,20.9,-305090000.0
ST,2024-04-30,19.7,42.82,35.76,44439463,4996550373.0,Q1,2024,0.5,True,-10.7,1006709000.0,0.9,76021000.0
AXTA,2024-05-01,8.8,34.21,31.44,68789377,5886987060.0,Q1,2024,0.18,True,-33.3,1294000000.0,0.8,39000000.0
PINS,2024-05-01,17.9,39.44,33.45,261755853,11650107909.0,Q1,2024,-0.04,False,87.1,739983000.0,22.8,-24812000.0
BWA,2024-05-02,8.0,35.49,32.87,80690756,10468385710.0,Q1,2024,0.9,True,-3.2,3595000000.0,-14.0,221000000.0
CAR,2024-05-02,16.4,110.27,94.75,88980446,3550898843.0,Q1,2024,-3.21,False,-141.6,2551000000.0,-0.2,-113000000.0
CVNA,2024-05-02,37.7,119.95,87.09,343687931,42842269530.0,Q1,2024,0.24,True,116.0,3061000000.0,17.5,49000000.0
MGM,2024-05-02,9.4,43.5,39.75,142653932,9383790077.0,Q1,2024,0.67,True,-46.0,4383470000.0,13.2,299726000.0
SFM,2024-05-02,11.1,71.4,64.29,86019115,7760938810.0,Q1,2024,1.12,True,53.4,1883808000.0,8.7,114100000.0
AAPL,2024-05-03,7.9,186.65,173.03,10157387240,3672046736800.0,Q2,2024,1.53,True,0.7,90753000000.0,-4.3,23636000000.0
MTZ,2024-05-03,11.5,101.49,91,63898607,22879500700.0,Q1,2024,-0.53,False,49.5,2686849000.0,4.0,-34459000.0
OLED,2024-05-03,9.4,171,156.32,40374547,4430535576.0,Q1,2024,1.19,True,43.4,165259000.0,26.7,56853000.0
PCTY,2024-05-03,23.3,184.52,149.6,70253806,5893571338.0,Q3,2024,1.5,True,47.1,401281000.0,18.1,85314000.0
TXRH,2024-05-03,7.7,170.1,157.9,128607311,11223096685.0,Q1,2024,1.69,True,32.0,1321217000.0,12.5,115990000.0
BRBR,2024-05-07,9.3,62.5,57.18,57391863,1973646072.0,Q2,2024,0.43,True,87.0,494600000.0,28.3,57200000.0
FN,2024-05-07,11.1,209.81,188.83,84010560,17989726390.0,Q3,2024,2.21,True,38.1,731535000.0,10.0,80916000.0
HIMS,2024-05-07,17.0,13.63,11.65,65538740,5646043234.0,Q1,2024,0.05,True,200.0,278171000.0,45.8,11128000.0
CFLT,2024-05-08,8.8,30.29,27.83,95188215,11018764772.0,Q1,2024,-0.3,False,42.3,217237000.0,24.6,-92967000.0
LPX,2024-05-08,14.4,83.5,72.97,66356634,5293838303.0,Q1,2024,1.48,True,410.3,724000000.0,24.0,108000000.0
RDDT,2024-05-08,11.3,55,49.4,109928860,25285496370.0,Q1,2024,-8.19,False,,242963000.0,,-575066000.0
APP,2024-05-09,12.5,83.27,74,245341464,154699300260.0,Q1,2024,0.67,True,6800.0,1058115000.0,47.9,236183000.0
EQIX,2024-05-09,12.3,778,692.71,532288692,95297454667.0,Q1,2024,2.43,True,-12.3,2127000000.0,6.4,231000000.0
YETI,2024-05-09,16.9,40.7,34.81,65513304,2745037344.0,Q1,2024,0.18,True,,341394000.0,,15855000.0
ARRY,2024-05-10,18.7,14.85,12.51,70784108,1059243515.0,Q1,2024,-0.07,False,-177.8,153403000.0,-59.3,2165000.0
MTD,2024-05-10,7.7,1389.72,1290.42,153700895,23856558935.0,Q1,2024,8.24,True,-2.7,925949000.0,-0.3,177509000.0
NTRA,2024-05-10,13.1,108.11,95.55,108879768,26624215312.0,Q1,2024,-0.56,False,54.5,367741000.0,52.1,-67599000.0
ONTO,2024-05-10,9.0,227.16,208.42,96665895,9420088480.0,Q1,2024,0.94,True,59.3,228846000.0,14.9,46853000.0
RBA,2024-05-10,10.6,80.67,72.93,47795953,18344612000.0,Q1,2024,0.53,True,289.3,1064700000.0,107.8,107400000.0
SG,2024-05-10,27.3,30,23.56,49767551,631994619.0,Q1,2024,-0.23,False,23.3,157850000.0,26.2,-26067000.0
SOUN,2024-05-10,16.8,5.55,4.75,116931214,3086543624.0,Q1,2024,-0.12,False,14.3,11594000.0,72.9,-33009000.0
CHWY,2024-05-29,14.3,19.33,16.91,121420672,10570013145.0,Q1,2025,0.15,True,200.0,2877725000.0,3.3,66897000.0
DCI,2024-06-04,8.2,77.82,71.95,40832562,9936862049.0,Q3,2024,0.92,True,21.1,927900000.0,6.0,113500000.0
CRWD,2024-06-05,9.5,334.61,305.58,1029174728,112041632680.0,Q1,2025,0.17,True,,921036000.0,33.0,46264000.0
GWRE,2024-06-05,14.4,123.58,108.05,63123506,13651529090.0,Q3,2024,-0.07,False,87.5,240678000.0,16.0,-5478000.0
HPE,2024-06-05,15.6,20.35,17.6,264584826,28675686222.0,Q2,2024,0.24,True,-25.0,7204000000.0,3.3,314000000.0
CIEN,2024-06-06,9.0,52.58,48.24,68941397,47705001301.0,Q2,2024,-0.12,False,-131.6,910826000.0,-19.6,-16849000.0
LULU,2024-06-06,9.3,337.01,308.27,926816917,18508540996.0,Q1,2025,2.54,True,11.4,2208891000.0,10.4,321421000.0
SMTC,2024-06-06,14.6,44.33,38.68,52813180,7852023836.0,Q1,2025,-0.36,False,21.7,206105000.0,-12.9,-23159000.0
TTC,2024-06-06,9.9,87.5,79.64,99146895,9308426600.0,Q2,2024,1.38,True,-13.2,1349000000.0,0.7,144800000.0
AVGO,2024-06-13,14.3,171,149.55,4053395381,1525621737482.0,Q2,2024,4.42,True,-45.8,12487000000.0,43.0,2121000000.0
ACN,2024-06-20,10.3,314.63,285.35,978446459,121025324017.0,Q3,2024,3.04,True,-3.5,16466828000.0,-0.6,1932183000.0
DHR,2024-07-23,7.6,270,250.89,751488599,132461344166.0,Q2,2024,1.22,True,-18.1,5743000000.0,-2.9,907000000.0
EME,2024-07-25,8.9,388.61,356.73,160392333,31614113929.0,Q2,2024,5.25,True,78.0,3666897000.0,20.4,247572000.0
MOH,2024-07-25,10.1,318,288.72,196509395,7683800000.0,Q2,2024,5.17,True,-3.4,9880000000.0,18.7,301000000.0
NOW,2024-07-25,8.0,157.87,146.17,992177422,118846520000.0,Q2,2024,1.26,True,-75.2,2627000000.0,22.2,262000000.0
KNSL,2024-07-26,8.7,410.04,377.25,62806160,8393681017.0,Q2,2024,3.97,True,27.2,384553000.0,30.0,92579000.0
ON,2024-07-29,8.2,75.9,70.17,452908095,23069902032.0,Q2,2024,0.78,True,-39.5,1735200000.0,-17.2,338400000.0
SFM,2024-07-30,20.6,102.09,84.66,99664621,7760938810.0,Q2,2024,0.94,True,44.6,1893519000.0,11.9,95289000.0
SWK,2024-07-30,8.0,104.13,96.43,139176882,10893342994.0,Q2,2024,-0.07,False,-105.9,4024400000.0,-3.2,-11200000.0
ANET,2024-07-31,8.5,84.5,77.86,725880913,167835768104.0,Q2,2024,2.08,True,34.2,1690400000.0,15.9,665428000.0
BWA,2024-07-31,10.9,36,32.45,82204879,10468385710.0,Q2,2024,1.34,True,54.0,3603000000.0,-20.3,317000000.0
CZR,2024-07-31,7.9,39.81,36.9,167818496,5710799849.0,Q2,2024,-0.56,False,-113.1,2830000000.0,-1.7,-102000000.0
JCI,2024-07-31,8.7,75,69.03,276884229,79666537373.0,Q3,2024,1.45,True,-5.2,7231000000.0,1.4,1052000000.0
POWL,2024-07-31,26.8,169.01,133.25,50906612,6104047087.0,Q3,2024,3.79,True,149.3,288168000.0,49.8,46223000.0
PSN,2024-07-31,8.4,83.63,77.18,55390435,5880281705.0,Q2,2024,0.63,True,65.8,1670467000.0,23.1,80719000.0
AFL,2024-08-01,9.4,104.38,95.38,177127048,56134523127.0,Q2,2024,3.1,True,14.4,5138000000.0,-0.7,1755000000.0
APD,2024-08-01,9.4,288.61,263.85,401963468,64120477184.0,Q3,2024,3.13,True,17.2,2985500000.0,-1.6,708900000.0
CVNA,2024-08-01,10.6,147.34,133.23,557357594,42842269530.0,Q2,2024,,,,3410000000.0,14.9,48000000.0
EXAS,2024-08-01,20.9,55.23,45.68,121076731,19770292013.0,Q2,2024,-0.09,False,80.0,699264000.0,12.4,-15808000.0
FMC,2024-08-01,8.6,63.35,58.36,90182736,1754074146.0,Q2,2024,2.35,True,879.2,1038400000.0,2.4,295200000.0
META,2024-08-01,9.7,521,474.83,7449857218,1552413483811.0,Q2,2024,5.16,True,73.2,39071000000.0,22.1,13465000000.0
ZETA,2024-08-01,8.9,23.33,21.42,60520810,4355165024.0,Q2,2024,-0.16,False,52.9,227839000.0,32.6,-28066000.0
DASH,2024-08-02,7.8,116.66,108.2,465724133,70099036159.0,Q2,2024,-0.38,False,13.6,2630000000.0,23.3,-158000000.0
LCID,2024-08-06,12.2,33.65,30,162441797,3244074006.0,Q2,2024,-0.34,False,15.0,200581000.0,32.9,-643390000.0
PLTR,2024-08-06,12.3,27.05,24.09,1256505410,361023448575.0,Q2,2024,0.06,True,500.0,678134000.0,27.2,135570000.0
STRL,2024-08-06,8.4,111.18,102.56,47154865,12200033073.0,Q2,2024,1.67,True,31.5,582822000.0,11.6,54574000.0
AXON,2024-08-07,11.9,330,295,171641729,39891718382.0,Q2,2024,0.53,True,231.2,503236000.0,34.3,41473000.0
CRUS,2024-08-07,12.9,130.15,115.31,66717201,6820197983.0,Q1,2025,0.76,True,,374026000.0,,42095000.0
LUMN,2024-08-07,44.4,7.22,5,164337040,6801814204.0,Q2,2024,-0.05,False,99.4,3268000000.0,-10.7,-49000000.0
RUN,2024-08-07,12.1,18.49,16.49,247809965,2846737772.0,Q2,2024,0.55,True,120.0,523866000.0,-11.2,-259928000.0
UPST,2024-08-07,25.7,30,23.87,181225510,2500720006.0,Q2,2024,-0.62,False,-82.4,127630000.0,-6.0,-54470000.0
BOOT,2024-08-08,9.7,126.88,115.7,98676896,4992296931.0,Q1,2025,1.26,True,11.5,423386000.0,10.3,38909000.0
DUOL,2024-08-08,8.4,174.99,161.4,110267206,4619439131.0,Q2,2024,0.51,True,537.5,178327000.0,40.6,24351000.0
SM,2024-08-08,13.5,44.25,38.98,83612280,6385642057.0,Q2,2024,1.82,True,45.6,634555000.0,15.2,210293000.0
YETI,2024-08-08,13.4,42,37.03,52734995,2745037344.0,Q2,2024,0.59,True,,463499000.0,,50396000.0
Z,2024-08-08,15.7,48.33,41.77,187101691,10292920466.0,Q2,2024,-0.07,False,53.3,572000000.0,13.0,-17000000.0
CRH,2024-08-08,7.5,81.81,76.09,391685317,66809448440.0,Q2,2024,1.88,True,,9654000000.0,,1309000000.0
BE,2024-08-09,14.8,12.1,10.54,85302921,43347504700.0,Q2,2024,-0.27,False,15.6,335767000.0,11.5,-61185000.0
EVH,2024-08-09,32.3,27.61,20.87,47096220,333798631.0,Q2,2024,-0.06,False,83.8,647145000.0,37.9,1596000.0
EXPE,2024-08-09,10.2,130,117.97,273654864,27983288947.0,Q2,2024,2.8,True,10.2,3558000000.0,6.0,375000000.0
SG,2024-08-09,29.3,33.93,26.25,74548648,631994619.0,Q2,2024,-0.13,False,45.8,184641000.0,21.1,-14460000.0
FLUT,2024-08-14,9.3,209.11,191.39,236323909,18999712546.0,Q2,2024,1.45,True,,3611000000.0,,297000000.0
SERV,2024-08-14,34.0,13.9,10.37,550644685,680666138.0,Q2,2024,-0.27,False,,468375,,-9037367.0
CAVA,2024-08-23,8.1,110.23,101.98,214147867,9542976730.0,Q2,2024,0.17,True,-19.0,233495000.0,35.1,19741000.0
GTLB,2024-09-04,12.9,50.43,44.68,80250615,3858842920.0,Q2,2025,0.08,True,124.2,182584000.0,30.8,12274000.0
ORCL,2024-09-10,10.2,154.23,139.89,833223351,445800255010.0,Q1,2025,1.03,True,19.8,13307000000.0,6.9,2929000000.0
SIG,2024-09-12,15.1,89.85,78.09,65075325,3344667977.0,Q2,2025,-2.28,False,-265.2,1491000000.0,-7.6,-98500000.0
RH,2024-09-13,18.6,304.33,256.49,180732745,2410493221.0,Q2,2025,1.45,True,-56.8,829655000.0,3.6,28952000.0
HELE,2024-10-09,18.1,73.66,62.37,46460233,379997536.0,Q2,2025,0.74,True,-35.1,474221000.0,-3.5,17014000.0
LRN,2024-10-23,31.1,84.53,64.49,104386909,3592073264.0,Q1,2025,0.94,True,754.5,551084000.0,14.8,40882000.0
MOH,2024-10-24,18.2,325,275,198724417,7683800000.0,Q3,2024,5.65,True,34.2,10340000000.0,21.0,326000000.0
TSLA,2024-10-24,14.5,244.68,213.65,17170539737,1467951392141.0,Q3,2024,0.62,True,17.0,25182000000.0,7.8,2183000000.0
APPF,2024-10-25,9.8,210.82,192.07,55515041,6208262580.0,Q3,2024,0.9,True,25.0,205733000.0,24.4,33006000.0
BAH,2024-10-25,8.7,181.01,166.55,133270213,9438922827.0,Q2,2025,3.01,True,133.3,3146386000.0,18.0,390112000.0
CNC,2024-10-25,13.6,70,61.62,378600854,16941510950.0,Q3,2024,1.36,True,56.3,42023000000.0,10.5,710000000.0
AXTA,2024-10-30,8.1,38.29,35.41,64299025,5886987060.0,Q3,2024,0.46,True,39.4,1320000000.0,0.8,102000000.0
ENVX,2024-10-30,9.1,10.15,9.3,69684025,1073088743.0,Q3,2024,-0.3,False,-3.4,4317000.0,2058.5,-22638000.0
GRMN,2024-10-30,11.9,186.1,166.27,125857747,44948123422.0,Q3,2024,2.07,True,54.5,1586022000.0,24.1,399111000.0
RDDT,2024-10-30,28.3,104.9,81.74,361977142,25285496370.0,Q3,2024,0.16,True,,348351000.0,,29853000.0
CFLT,2024-10-31,19.7,27.61,23.07,67533017,11018764772.0,Q3,2024,-0.23,False,23.3,250199000.0,25.0,-74144000.0
CVNA,2024-10-31,14.9,238.2,207.31,505469770,42842269530.0,Q3,2024,,,,3655000000.0,31.8,148000000.0
ETSY,2024-10-31,9.3,52.46,47.99,158300514,5006778304.0,Q3,2024,0.45,True,-29.7,662410000.0,4.1,57366000.0
IDCC,2024-10-31,8.4,160.11,147.72,59555035,9223347068.0,Q3,2024,1.14,True,-33.7,128679000.0,-8.2,34190000.0
RBLX,2024-10-31,18.5,51.12,43.14,313024492,39985195172.0,Q3,2024,-0.37,False,17.8,918953000.0,28.8,-240447000.0
SFM,2024-10-31,13.7,135.1,118.84,119457513,7760938810.0,Q3,2024,0.91,True,42.2,1945735000.0,13.6,91610000.0
VAL,2024-10-31,7.7,52.52,48.79,65649697,6489707003.0,Q3,2024,0.88,True,417.6,643100000.0,41.3,62900000.0
MTZ,2024-11-01,12.6,138.36,122.89,85583476,22879500700.0,Q3,2024,1.21,True,572.2,3252427000.0,-0.1,105410000.0
WAT,2024-11-01,16.1,375,323.11,129065066,28113053172.0,Q3,2024,2.71,True,19.4,740305000.0,4.0,161503000.0
FOXA,2024-11-04,8.9,45.63,41.88,83391400,24413480916.0,Q1,2025,1.78,True,117.1,3564000000.0,11.1,832000000.0
ALAB,2024-11-05,24.0,86.35,69.65,273502491,20478506856.0,Q3,2024,-0.05,False,,113086000.0,,-7593000.0
PLTR,2024-11-05,15.6,47.86,41.41,1985937798,361023448575.0,Q3,2024,0.06,True,100.0,725516000.0,30.0,149341000.0
CVS,2024-11-06,11.5,61.7,55.34,757203927,96853428226.0,Q3,2024,0.07,True,-96.0,95428000000.0,6.3,71000000.0
DJT,2024-11-06,31.0,44.46,33.94,2690855632,2711966887.0,Q3,2024,-0.1,False,,1010900.0,,-19248400.0
QLYS,2024-11-06,19.9,153.75,128.23,54398197,3557246581.0,Q3,2024,1.24,True,0.0,153867000.0,8.4,46212000.0
APP,2024-11-07,36.5,230,168.55,583384943,154699300260.0,Q3,2024,1.25,True,316.7,1198235000.0,38.6,434420000.0
CDE,2024-11-07,8.0,6.38,5.91,67161430,12963949635.0,Q3,2024,0.12,True,300.0,313476000.0,61.1,48739000.0
FRSH,2024-11-07,17.0,15.31,13.09,42029420,2310019095.0,Q3,2024,-0.1,False,9.1,186575000.0,21.5,-29959000.0
RL,2024-11-07,10.5,229.94,208.04,116967518,20021207871.0,Q2,2025,2.31,True,5.5,1726000000.0,5.7,147900000.0
WBD,2024-11-07,7.6,9.02,8.38,192470041,67334734914.0,Q3,2024,0.05,True,129.4,9623000000.0,-3.6,141000000.0
Z,2024-11-07,16.8,68.55,58.68,168568790,10292920466.0,Q3,2024,-0.08,False,33.3,581000000.0,17.1,-20000000.0
AAOI,2024-11-08,8.9,19.5,17.9,49152856,7279997474.0,Q3,2024,-0.42,False,-55.6,65151000.0,4.2,-17757000.0
AXON,2024-11-08,15.2,540,468.75,215665379,39891718382.0,Q3,2024,0.86,True,10.3,544274000.0,31.6,67025000.0
BILL,2024-11-08,18.7,78.23,65.9,75600529,3937635908.0,Q1,2025,0.08,True,130.8,358450000.0,17.5,8912000.0
DOCS,2024-11-08,35.6,58.89,43.42,52087009,4501357306.0,Q2,2025,0.22,True,46.7,136832000.0,20.4,44154000.0
FIVN,2024-11-08,22.2,40.1,32.81,45610580,1205571917.0,Q3,2024,-0.06,False,78.6,264182000.0,14.8,-4479000.0
LITE,2024-11-08,17.5,86.5,73.64,106827161,44446500000.0,Q1,2025,-1.21,False,-18.6,336900000.0,6.1,-82400000.0
TOST,2024-11-08,17.5,38.39,32.67,176584013,16256400000.0,Q3,2024,0.07,True,177.8,1305000000.0,26.5,56000000.0
UPST,2024-11-08,17.7,65.27,55.47,368295774,2500720006.0,Q3,2024,-0.07,False,85.4,162140000.0,20.5,-6758000.0
CAVA,2024-11-13,15.9,168.16,145.03,267540297,9542976730.0,Q3,2024,0.15,True,150.0,243817000.0,38.9,17966000.0
NTRA,2024-11-13,15.1,155.56,135.12,126161850,26624215312.0,Q3,2024,-0.26,False,72.6,439758000.0,63.9,-31592000.0
RKLB,2024-11-13,31.2,19.24,14.66,171447498,38818943166.0,Q3,2024,-0.1,False,-25.0,104808000.0,54.9,-51939000.0
CNM,2024-12-03,11.8,53.99,48.29,126336935,9073856464.0,Q3,2025,0.69,True,6.2,2038000000.0,11.5,140000000.0
CRM,2024-12-04,10.7,366.81,331.43,2254634172,177982090000.0,Q3,2025,1.58,True,26.4,9444000000.0,8.3,1527000000.0
OKTA,2024-12-04,11.4,91,81.71,219600220,14002448697.0,Q3,2025,0,False,100.0,665000000.0,13.9,16000000.0
GTLB,2024-12-06,11.3,73.5,66.04,142882397,3858842920.0,Q3,2025,0.18,True,109.8,196047000.0,31.0,28267000.0
LULU,2024-12-06,9.3,377,344.81,590677443,18508540996.0,Q3,2025,2.87,True,46.4,2396660000.0,8.7,351870000.0
ULTA,2024-12-06,9.0,428.25,392.87,385634752,23765702784.0,Q3,2025,5.14,True,1.4,2530100000.0,1.7,242179000.0
COHR,2025-02-06,14.6,103.25,90.1,362302792,45513094392.0,,,,,,,,
RL,2025-02-06,14.7,285.5,249,174300312,20021207871.0,Q3,2025,4.66,True,11.2,2143500000.0,10.8,297400000.0
TTWO,2025-02-07,8.2,198,183.08,298688622,38623896612.0,Q3,2025,-0.71,False,-31.5,1359800000.0,-0.5,-125200000.0
ROK,2025-02-10,8.3,290.67,268.4,222149803,40553339734.0,Q1,2025,1.61,True,-13.4,1881000000.0,-8.3,178000000.0
INTU,2025-02-26,14.4,635.5,555.63,1080606239,121670938000.0,Q2,2025,1.67,True,33.6,3963000000.0,17.0,471000000.0
SMCI,2025-02-26,20.8,55.02,45.54,4972188515,18464820024.0,Q1,2025,0.67,True,-75.6,5937256000.0,180.1,424326000.0
SMCI,2025-02-26,20.8,55.02,45.54,4972188515,18464820024.0,Q1,2025,0.67,True,-75.6,5937256000.0,180.1,424326000.0
ESTC,2025-02-28,11.6,113,101.28,129174992,5329266902.0,Q3,2025,-0.16,False,-109.5,382083000.0,16.5,-17056000.0
LW,2025-04-03,10.7,59.94,54.15,133169821,5631579296.0,Q3,2025,1.03,True,2.0,1520500000.0,4.3,146000000.0
GEV,2025-04-23,8.6,354.04,326.07,1284219567,216976609109.0,Q1,2025,0.91,True,,8032000000.0,,264000000.0
PEGA,2025-04-23,28.6,44.23,34.38,59383233,7175905744.0,Q1,2025,0.91,True,750.0,475633000.0,44.1,85422000.0
ALLE,2025-04-24,10.4,139.61,126.46,150087553,12521246099.0,Q1,2025,1.71,True,21.3,941900000.0,5.4,148200000.0
NOW,2025-04-24,10.8,180.06,162.54,1625525743,118846520000.0,Q1,2025,2.2,True,31.7,3088000000.0,18.6,460000000.0
PI,2025-04-24,19.2,91.87,77.07,64731339,2773303715.0,Q1,2025,-0.3,False,-127.3,74277000.0,-3.3,-8451000.0
TXN,2025-04-24,8.2,164.63,152.15,1728054087,173698203064.0,Q1,2025,1.28,True,6.7,4069000000.0,11.1,1179000000.0
NE,2025-04-29,12.6,23.64,21,66132717,7370839527.0,Q1,2025,0.67,True,1.5,874487000.0,37.3,108303000.0
AAON,2025-05-01,9.6,100,91.27,65127076,6837837667.0,Q1,2025,0.35,True,-23.9,322054000.0,22.9,29292000.0
ATI,2025-05-01,7.6,58.5,54.38,100921644,19440846369.0,Q1,2025,0.67,True,45.7,1144400000.0,9.7,100500000.0
CARR,2025-05-01,8.3,67.72,62.54,330103819,46491864536.0,Q1,2025,0.47,True,62.1,5218000000.0,-3.7,437000000.0
CVS,2025-05-01,8.7,72.5,66.71,782239050,96853428226.0,Q1,2025,1.41,True,60.2,94588000000.0,7.0,1782000000.0
GH,2025-05-01,11.5,52.65,47.23,91568880,11213761001.0,Q1,2025,-0.77,False,18.1,203471000.0,20.8,-95159000.0
META,2025-05-01,7.8,592.08,549,11650493683,1552413483811.0,Q1,2025,6.43,True,36.5,42314000000.0,16.1,16644000000.0
MSFT,2025-05-01,9.1,431.11,395.26,10208469594,2937207581012.0,Q3,2025,3.46,True,17.7,70066000000.0,13.3,25824000000.0
PWR,2025-05-01,9.4,320.21,292.69,364833886,83640252641.0,Q1,2025,0.96,True,21.5,6233334000.0,23.9,148969000.0
DUOL,2025-05-02,9.2,436.93,400,313260351,4619439131.0,Q1,2025,0.72,True,26.3,230743000.0,37.7,35135000.0
EXAS,2025-05-02,10.5,52.12,47.16,128439596,19770292013.0,Q1,2025,-0.54,False,10.0,706785000.0,10.9,-101215000.0
FIVN,2025-05-02,7.7,27,25.08,50515133,1205571917.0,Q1,2025,0.01,True,110.0,279705000.0,13.2,576000
RGA,2025-05-02,9.1,204,186.94,84880306,13211634991.0,Q1,2025,4.27,True,35.1,5260000000.0,-17.0,288000000.0
RRX,2025-05-06,16.7,128.67,110.28,93005654,12383552160.0,Q1,2025,0.86,True,186.7,1418100000.0,-8.4,57500000.0
TDW,2025-05-06,16.8,44.41,38.01,43313509,3805263395.0,Q1,2025,0.83,True,-6.7,333444000.0,3.8,42320000.0
DIS,2025-05-07,11.1,102.42,92.17,984757026,175894206006.0,Q2,2025,1.81,True,18200.0,23621000000.0,7.0,3401000000.0
KVYO,2025-05-07,7.9,34.11,31.6,66209694,5827281251.0,Q1,2025,-0.05,False,0.0,279827000.0,33.3,-14089000.0
ROK,2025-05-07,10.7,280,253.05,252637906,40553339734.0,Q2,2025,2.22,True,-3.9,2001000000.0,-5.9,248000000.0
APP,2025-05-08,13.4,344,303.46,1938269250,154699300260.0,Q1,2025,1.67,True,149.3,1484021000.0,40.3,576419000.0
CDE,2025-05-08,9.6,6.28,5.73,93448286,12963949635.0,Q1,2025,0.06,True,175.0,360062000.0,69.0,33353000.0
IONQ,2025-05-08,8.9,31.74,29.14,401739511,12091812133.0,Q1,2025,-0.14,False,26.3,7566000.0,-0.2,-32252000.0
QTWO,2025-05-08,7.7,86.52,80.31,43041443,3014131168.0,Q1,2025,0.07,True,130.4,189735000.0,14.6,4753000.0
RELY,2025-05-08,10.3,23.26,21.09,45468460,3212479386.0,Q1,2025,0.05,True,145.5,361624000.0,34.4,11352000.0
ROOT,2025-05-08,7.9,150.99,139.93,68870983,680671221.0,Q1,2025,1.07,True,354.8,349400000.0,37.1,18400000.0
RUN,2025-05-08,14.2,8.44,7.39,70652008,2846737772.0,Q1,2025,0.2,True,150.0,504271000.0,10.1,-277171000.0
XRAY,2025-05-08,7.9,14.77,13.68,42620786,2305107303.0,Q1,2025,0.1,True,11.1,879000000.0,-7.8,19000000.0
LYFT,2025-05-09,12.7,14.65,13,146575624,5203266345.0,Q1,2025,0.01,True,112.5,1450172000.0,13.5,2567000.0
PINS,2025-05-09,9.0,30.37,27.86,313154527,11650107909.0,Q1,2025,0.01,True,125.0,854988000.0,15.5,8922000.0
TOST,2025-05-09,8.7,39.84,36.65,228821944,16256400000.0,Q1,2025,0.09,True,160.0,1337000000.0,24.4,56000000.0
TTD,2025-05-09,16.4,69.75,59.9,501692136,13013212465.0,Q1,2025,0.1,True,66.7,616021000.0,25.4,50678000.0
OKLO,2025-05-14,7.9,34.55,32.03,285354249,9120141768.0,Q1,2025,-0.07,False,,0,,-9810000.0
QUBT,2025-05-16,14.0,10.53,9.24,91031984,1639129254.0,Q1,2025,0.11,True,237.5,39000,44.4,16982000.0
INTU,2025-05-23,8.1,720,666.07,962360247,121670938000.0,Q3,2025,10.02,True,19.0,7754000000.0,15.1,2820000000.0
ULTA,2025-05-30,11.0,468.16,421.79,300642082,23765702784.0,Q1,2026,6.7,True,,2848367000.0,,305052000.0
DG,2025-06-03,10.1,106.96,97.17,339335751,29020471953.0,Q1,2026,1.78,True,7.9,10435979000.0,5.3,391928000.0
SIG,2025-06-03,16.7,77.94,66.81,70313859,3344667977.0,Q1,2026,0.78,True,186.7,1541600000.0,2.0,33500000.0
GWRE,2025-06-04,13.2,246.95,218.18,165365651,13651529090.0,Q3,2025,0.54,True,871.4,293508000.0,22.0,45991000.0
HPE,2025-06-04,8.4,19.17,17.69,280037569,28675686222.0,Q2,2025,-0.82,False,-441.7,7627000000.0,5.9,-1050000000.0
HQY,2025-06-04,8.0,112.08,103.76,98327584,6647797414.0,Q1,2026,0.61,True,84.8,330844000.0,15.0,53915000.0
THO,2025-06-04,8.8,89.65,82.41,56813562,4330749123.0,Q3,2025,2.53,True,18.8,2894816000.0,3.3,133928000.0
MDB,2025-06-05,17.5,234.75,199.73,482786708,20968367627.0,Q1,2026,,,,549014000.0,21.9,-37626000.0
RH,2025-06-13,19.3,211,176.87,233700242,2410493221.0,Q1,2026,0.4,True,300.0,813952000.0,12.0,8039000.0
LEVI,2025-07-11,10.2,21.75,19.73,47677296,6993269110.0,Q2,2025,0.17,True,325.0,1446000000.0,0.3,67000000.0
GEV,2025-07-23,8.5,595.75,548.99,1606437556,216976609109.0,Q2,2025,1.86,True,-60.0,9111000000.0,11.1,492000000.0
LII,2025-07-23,9.6,679.44,619.97,195357115,16738808075.0,Q2,2025,7.71,True,12.2,1500900000.0,3.4,273900000.0
NOW,2025-07-24,8.2,206.93,191.29,1327157191,118846520000.0,Q2,2025,1.84,True,46.0,3215000000.0,22.4,385000000.0
ENSG,2025-07-25,8.9,150.05,137.77,52404948,12186831094.0,Q2,2025,1.44,True,18.0,1227769000.0,18.5,84466000.0
FIX,2025-07-25,18.2,665.3,562.83,176205807,48025789444.0,Q2,2025,6.53,True,74.6,2173319000.0,20.1,230848000.0
SAM,2025-07-25,10.4,222.74,201.81,55281191,2418337664.0,Q2,2025,5.45,True,24.1,587949000.0,1.5,60433000.0
CLS,2025-07-29,7.6,186.5,173.37,538203166,30289430815.0,Q2,2025,1.82,True,,2893400000.0,,211000000.0
WGS,2025-07-29,24.0,105.31,84.91,60633277,2278078119.0,Q2,2025,0.36,True,132.7,102692000.0,45.6,10809000.0
ETSY,2025-07-30,9.0,65.74,60.3,289616566,5006778304.0,Q2,2025,0.25,True,-39.0,672663000.0,3.8,28840000.0
FSS,2025-07-30,12.1,117.5,104.86,74307250,6418828773.0,Q2,2025,1.16,True,17.2,564600000.0,15.1,71400000.0
VFC,2025-07-30,21.0,15,12.4,95280303,6244562954.0,Q1,2026,-0.3,False,55.2,1760666000.0,-7.7,-116408000.0
AGCO,2025-07-31,9.0,116.25,106.64,85190367,8584534281.0,Q2,2025,4.22,True,185.8,2635000000.0,-18.8,314400000.0
ALHC,2025-07-31,15.4,15,13,41734357,3470997416.0,Q2,2025,0.07,True,153.8,1015288000.0,49.0,15653000.0
AMSC,2025-07-31,8.8,47.8,43.94,40022136,1476933081.0,Q1,2026,0.17,True,342.9,72358000.0,79.6,6724000.0
CGNX,2025-07-31,14.1,38.52,33.76,59286906,7950666002.0,Q2,2025,0.24,True,14.3,249093000.0,4.1,40511000.0
CVNA,2025-07-31,17.0,390.24,333.59,890375646,42842269530.0,Q2,2025,,,,4840000000.0,41.9,308000000.0
HII,2025-07-31,7.8,278.67,258.52,104470435,16313577828.0,Q2,2025,3.86,True,-11.9,3082000000.0,3.5,152000000.0
MAS,2025-07-31,9.0,71.66,65.73,137675391,12525907869.0,Q2,2025,1.28,True,9.4,2051000000.0,-1.9,283000000.0
META,2025-07-31,11.5,775.2,695.21,7852222215,1552413483811.0,Q2,2025,7.14,True,38.4,47516000000.0,21.6,18337000000.0
MOD,2025-07-31,10.0,125,113.62,127288179,9941939882.0,Q1,2026,0.95,True,8.0,682800000.0,3.2,51700000.0
PI,2025-07-31,18.6,145,122.21,53932707,2773303715.0,Q2,2025,0.39,True,14.7,97894000.0,-4.5,11553000.0
RBLX,2025-07-31,19.7,149.6,124.94,932718521,39985195172.0,Q2,2025,-0.41,False,-28.1,1080677000.0,20.9,-279800000.0
BIO,2025-08-01,12.0,270.93,241.95,70135544,7093075543.0,Q2,2025,11.67,True,115.3,651600000.0,2.1,317800000.0
RDDT,2025-08-01,13.3,182,160.59,874182548,25285496370.0,Q2,2025,0.45,True,850.0,499627000.0,77.7,89297000.0
AXON,2025-08-05,9.8,818,744.88,465992522,39891718382.0,Q2,2025,0.44,True,-17.0,668538000.0,32.8,36117000.0
BWXT,2025-08-05,13.9,176.04,154.51,152053297,17752234933.0,Q2,2025,0.85,True,7.6,764039000.0,12.1,78462000.0
LMND,2025-08-05,11.8,41.38,37,79178890,4212546606.0,Q2,2025,-0.6,False,25.9,164100000.0,34.5,-43900000.0
PRIM,2025-08-05,18.9,110.69,93.09,78781880,7216543017.0,Q2,2025,1.54,True,69.2,1890745000.0,20.9,84319000.0
STRL,2025-08-05,8.8,295.52,271.74,121904759,12200033073.0,Q2,2025,2.31,True,38.3,614468000.0,5.4,79108000.0
ALAB,2025-08-06,21.7,164.99,135.54,699898692,20478506856.0,Q2,2025,0.29,True,680.0,191925000.0,149.7,51219000.0
ANET,2025-08-06,13.3,133.79,118.12,1067360679,167835768104.0,Q2,2025,0.7,True,-66.3,2204800000.0,30.4,888800000.0
GPN,2025-08-06,11.8,87.69,78.41,188835606,19220824125.0,Q2,2025,0.99,True,-32.7,1956747000.0,-23.8,246098000.0
KVYO,2025-08-06,15.5,35.47,30.7,44353722,5827281251.0,Q2,2025,-0.09,False,-350.0,293117000.0,31.9,-24281000.0
SHOP,2025-08-06,14.3,145.16,127,954466160,160353534547.0,Q2,2025,0.69,True,,2680000000.0,,906000000.0
ZETA,2025-08-06,16.9,18.55,15.87,136458866,4355165024.0,Q2,2025,-0.06,False,62.5,308442000.0,35.4,-12814000.0
BROS,2025-08-07,20.4,69.56,57.79,170742615,6009663045.0,Q2,2025,0.2,True,66.7,415813000.0,28.0,38357000.0
DUOL,2025-08-07,29.8,446,343.61,375409711,4619439131.0,Q2,2025,0.91,True,78.4,252265000.0,41.5,44781000.0
HCC,2025-08-07,9.4,60,54.85,64388808,4474771679.0,Q2,2025,0.11,True,-91.9,297523000.0,-25.0,5606000.0
HL,2025-08-07,13.9,6.96,6.11,116950987,13145559598.0,Q2,2025,0.09,True,125.0,304027000.0,23.8,57705000.0
HTZ,2025-08-07,13.1,6.3,5.57,52543519,1215083037.0,Q2,2025,-0.95,False,66.3,2185000000.0,-7.1,-294000000.0
IBP,2025-08-07,9.0,230.93,211.82,97349759,7679562001.0,Q2,2025,2.52,True,9.6,760300000.0,3.1,69000000.0
LOPE,2025-08-07,8.7,187,172.05,40789549,4450712152.0,Q2,2025,1.48,True,24.4,247499000.0,8.8,41546000.0
MKSI,2025-08-07,8.4,97.15,89.62,100437659,14354161802.0,Q2,2025,0.92,True,178.8,973000000.0,9.7,62000000.0
RELY,2025-08-07,18.4,19.5,16.47,74899903,3212479386.0,Q2,2025,0.03,True,150.0,411852000.0,34.4,6536000.0
ROAD,2025-08-07,9.1,101.93,93.43,54581427,6441057403.0,Q3,2025,0.79,True,33.9,779277000.0,50.5,44047000.0
RUN,2025-08-07,23.5,11.2,9.07,135926754,2846737772.0,Q2,2025,1.07,True,94.5,569336000.0,8.7,-278984000.0
CRH,2025-08-07,8.7,106.13,97.6,371277780,66809448440.0,Q2,2025,1.94,True,3.2,10206000000.0,5.7,1332000000.0
AMPX,2025-08-08,11.4,8.6,7.72,77460766,2342184892.0,Q2,2025,-0.05,False,61.5,15067000.0,350.4,-6370000.0
AMR,2025-08-08,14.8,148.58,129.45,47912953,2403233804.0,Q2,2025,-0.38,False,-108.5,550274000.0,-31.6,-4954000.0
DOCS,2025-08-08,7.6,63.01,58.55,97622443,4501357306.0,Q1,2026,0.27,True,28.6,145913000.0,15.2,53320000.0
EXPE,2025-08-08,12.8,211.6,187.61,291649346,27983288947.0,Q2,2025,2.48,True,-11.4,3786000000.0,6.4,322000000.0
MNST,2025-08-08,7.7,65.5,60.8,366935016,75434456299.0,Q2,2025,,,,2111593000.0,11.1,488794000.0
NTRA,2025-08-08,14.8,162,141.08,213016322,26624215312.0,Q2,2025,-0.74,False,-146.7,546600000.0,32.2,-100938000.0
PSIX,2025-08-08,25.6,110.22,87.79,56388550,1307882533.0,Q2,2025,2.22,True,,191907000.0,,51212000.0
RKLB,2025-08-08,7.5,47.54,44.21,967336730,38818943166.0,Q2,2025,-0.13,False,-62.5,144498000.0,36.0,-66414000.0
TEM,2025-08-08,9.3,64.2,58.74,490090712,8935109026.0,Q2,2025,-0.25,False,96.4,314635000.0,89.6,-42843000.0
ASTS,2025-08-12,11.6,51.23,45.92,562472425,25266281947.0,Q2,2025,,,,1156000.0,28.4,-135903000.0
CRCL,2025-08-12,15.6,186.3,161.17,3022671074,28477584620.0,Q2,2025,-4.48,False,,658078000.0,,-482100000.0
LIF,2025-08-12,9.2,80.51,73.74,51261500,3305786828.0,Q2,2025,0.08,True,153.3,115381000.0,36.0,7006000.0
ONDS,2025-08-12,14.9,3.94,3.43,68192331,4572935228.0,Q2,2025,-0.08,False,42.9,6273388.0,554.9,-10750150.0
S,2025-08-29,7.9,19,17.61,105170814,4934897793.0,Q2,2026,-0.22,False,0.0,242183000.0,21.7,-72019000.0
PL,2025-09-08,18.0,7.71,6.53,42776659,8455621695.0,Q2,2026,-0.07,False,46.2,73386000.0,20.1,-22592000.0
APLD,2025-10-10,26.4,37.02,29.29,694958449,7562796512.0,Q1,2026,-0.07,False,-133.3,64216000.0,5.8,-16926000.0
PEGA,2025-10-22,9.8,62.62,57.05,65811027,7175905744.0,Q3,2025,0.24,True,241.2,381350000.0,17.3,43364000.0
FIX,2025-10-24,15.8,955,825,283030308,48025789444.0,Q3,2025,8.25,True,101.7,2450969000.0,35.2,291615000.0
SLM,2025-10-24,11.5,29.8,26.73,85164907,3911572317.0,Q3,2025,0.63,True,373.9,657587000.0,0.8,135850000.0
ATI,2025-10-28,8.4,99.4,91.71,116685069,19440846369.0,Q3,2025,0.78,True,36.8,1125500000.0,7.1,113600000.0
CFLT,2025-10-28,10.5,24.4,22.08,195100984,11018764772.0,Q3,2025,-0.19,False,17.4,298524000.0,19.3,-66504000.0
CLS,2025-10-28,14.6,346.01,301.82,737574736,30289430815.0,Q3,2025,2.31,True,,3194000000.0,,267800000.0
BE,2025-10-29,14.1,129.3,113.28,1317305169,43347504700.0,Q3,2025,-100,False,-166566.7,519048000.0,57.1,-22960000.0
FLS,2025-10-29,9.2,57.51,52.66,94548214,9454169841.0,Q3,2025,1.67,True,,380286000.0,,223858000.0
CAH,2025-10-30,10.3,181.44,164.47,326617192,51082400753.0,Q1,2026,1.88,True,10.6,64009000000.0,22.4,454000000.0
AMZN,2025-10-31,12.2,250.1,222.86,10453586669,2229321017073.0,Q3,2025,1.95,True,36.4,180169000000.0,13.4,21187000000.0
RDDT,2025-10-31,12.8,219.2,194.42,1057406851,25285496370.0,Q3,2025,0.8,True,400.0,584911000.0,67.9,162663000.0
WDC,2025-10-31,12.6,155.5,138.13,1172668457,92316635781.0,Q1,2026,3.07,True,127.4,2818000000.0,27.4,1182000000.0
CIFR,2025-11-03,23.0,22.94,18.65,919012237,5704081251.0,Q3,2025,-0.01,False,96.2,71707000.0,197.5,-3283000.0
HSIC,2025-11-04,8.3,70,64.64,100151661,8668190424.0,Q3,2025,0.84,True,7.7,3339000000.0,5.2,109000000.0
HTZ,2025-11-04,16.2,5.74,4.94,52873790,1215083037.0,Q3,2025,0.42,True,109.7,2478000000.0,-3.8,184000000.0
AEIS,2025-11-05,13.6,221.56,195.05,86407135,11401554000.0,Q3,2025,1.2,True,400.0,463300000.0,23.8,46200000.0
CNK,2025-11-05,8.4,29.01,26.75,93392398,2978266390.0,Q3,2025,0.4,True,-66.4,857500000.0,-7.0,49500000.0
LITE,2025-11-05,16.0,218.5,188.36,607952334,44446500000.0,Q1,2026,0.05,True,104.1,533800000.0,58.4,4200000.0
LMND,2025-11-05,15.4,67.7,58.66,130569445,4212546606.0,Q3,2025,-0.51,False,46.3,194500000.0,42.4,-37500000.0
QLYS,2025-11-05,16.7,141.46,121.21,40985729,3557246581.0,Q3,2025,1.39,True,12.1,169882000.0,10.4,50346000.0
SLDP,2025-11-05,11.1,6.24,5.62,92315966,694821730.0,Q3,2025,-0.14,False,-7.7,4560000.0,-2.0,-25867000.0
U,2025-11-05,17.4,42.1,35.87,322486753,8412949282.0,Q3,2025,-0.3,False,3.2,470615000.0,5.4,-126828000.0
ZETA,2025-11-05,12.7,18.82,16.7,157219623,4355165024.0,Q3,2025,-0.02,False,77.8,337169000.0,25.7,-3634000.0
AAON,2025-11-06,17.7,110,93.46,97374757,6837837667.0,Q3,2025,0.37,True,-41.3,384238000.0,17.4,30782000.0
COHR,2025-11-06,14.2,153.7,134.63,473881068,45513094392.0,,,,,,,,
HCC,2025-11-06,11.7,73.77,66.06,46958069,4474771679.0,Q3,2025,0.7,True,-12.5,328589000.0,0.3,36598000.0
HL,2025-11-06,14.1,13.82,12.11,241972411,13145559598.0,Q3,2025,0.15,True,,409542000.0,67.1,100726000.0
QTWO,2025-11-06,9.1,66.68,61.12,58072327,3014131168.0,Q3,2025,0.23,True,215.0,201704000.0,15.2,15048000.0
SITM,2025-11-06,17.9,329,279.07,80405847,8577191279.0,Q3,2025,-0.31,False,62.7,83567000.0,44.8,-8014000.0
SNAP,2025-11-06,17.5,8.58,7.3,385729145,7701621074.0,Q3,2025,-0.06,False,33.3,1506839000.0,9.8,-103541000.0
WK,2025-11-06,15.9,95.16,82.11,66818818,3500445478.0,Q3,2025,0.05,True,116.1,224166000.0,20.8,2786000.0
YOU,2025-11-06,15.2,36.6,31.79,43468160,4431556514.0,Q3,2025,,,,229193000.0,15.5,45144000.0
EXPE,2025-11-07,12.4,247,219.7,381297896,27983288947.0,Q3,2025,7.33,True,45.4,4412000000.0,8.7,964000000.0
G,2025-11-07,12.2,43.09,38.39,72157692,6505783348.0,Q3,2025,0.83,True,12.2,1291257000.0,6.6,145831000.0
GRND,2025-11-07,9.0,14.81,13.59,49677855,2208812216.0,Q3,2025,0.16,True,77.8,115766000.0,29.6,30834000.0
INOD,2025-11-07,8.2,65.9,60.9,124546921,1385601872.0,Q3,2025,0.24,True,-52.9,62550000.0,19.8,8342000.0
PCT,2025-11-07,18.1,11.35,9.61,46358130,1040252636.0,Q3,2025,-0.31,False,42.6,2430000.0,,-28370000.0
VG,2025-11-10,12.1,8.96,7.99,80518262,32186310996.0,Q3,2025,0.16,True,,3329000000.0,,550000000.0
BBAI,2025-11-11,21.9,6.96,5.71,997030700,1875662913.0,Q3,2025,-0.03,False,40.0,33143000.0,-20.1,2521000.0
RKLB,2025-11-11,7.9,56,51.9,1142137756,38818943166.0,Q3,2025,-0.03,False,70.0,155080000.0,48.0,-18257000.0
ONDS,2025-11-13,14.7,6.32,5.51,458134797,4572935228.0,Q3,2025,-0.03,False,80.0,10098310.0,582.0,-7480856.0
QUBT,2025-11-17,10.5,11.71,10.6,500117523,1639129254.0,Q3,2025,0.01,True,116.7,384000,280.2,2382000.0
CRDO,2025-12-02,14.3,195.63,171.13,991124612,21707913439.0,Q2,2026,0.44,True,1566.7,268027000.0,272.1,82636000.0
VSCO,2025-12-05,16.8,48.57,41.57,89527045,3600863931.0,Q3,2026,-0.46,False,35.2,1472000000.0,9.3,-31000000.0
MU,2025-12-18,13.8,256.53,225.52,5734545889,479613261390.0,Q1,2026,4.6,True,175.4,13643000000.0,56.7,5240000000.0
BAH,2026-01-23,10.8,106.09,95.76,164027101,9438922827.0,Q3,2026,1.63,True,12.4,2620000000.0,-10.2,200000000.0
LRN,2026-01-28,24.3,90,72.43,81832041,3592073264.0,Q2,2026,2.12,True,4.4,631261000.0,7.5,99477000.0
LITE,2026-02-04,8.7,473.12,435.1,1784209275,44446500000.0,Q2,2026,0.89,True,,665500000.0,,78200000.0
BILL,2026-02-06,15.3,41.14,35.68,139918666,3937635908.0,Q2,2026,-0.03,False,50.0,414671000.0,14.4,-2588000.0
DT,2026-02-09,13.6,38.29,33.71,227373540,11449860266.0,Q3,2026,0.13,True,-89.1,515473000.0,18.2,40055000.0
